<?xml version="1.0" encoding="UTF-8"?>
<project-private xmlns="http://www.netbeans.org/ns/project-private/1">
    <editor-bookmarks xmlns="http://www.netbeans.org/ns/editor-bookmarks/2" lastBookmarkId="0"/>
    <open-files xmlns="http://www.netbeans.org/ns/projectui-open-files/2">
        <group>
            <file>file:/C:/Users/Chads/OneDrive/Documents/NetBeansProjects/SchoolSystemManagement/src/schoolsystemmanagement/studentslist.java</file>
            <file>file:/C:/Users/Chads/OneDrive/Documents/NetBeansProjects/SchoolSystemManagement/src/schoolsystemmanagement/Login.java</file>
            <file>file:/C:/Users/Chads/OneDrive/Documents/NetBeansProjects/SchoolSystemManagement/src/schoolsystemmanagement/addstudent.java</file>
            <file>file:/C:/Users/Chads/OneDrive/Documents/NetBeansProjects/SchoolSystemManagement/src/schoolsystemmanagement/student.java</file>
            <file>file:/C:/Users/Chads/OneDrive/Documents/NetBeansProjects/SchoolSystemManagement/src/schoolsystemmanagement/SchoolSystemManagement.java</file>
            <file>file:/C:/Users/Chads/OneDrive/Documents/NetBeansProjects/SchoolSystemManagement/src/schoolsystemmanagement/home.java</file>
        </group>
    </open-files>
</project-private>
